-- =============================================
-- Р‘Р°Р·Р° РґР°РЅРЅС‹С…: РЎС‚СЂСѓРєС‚СѓСЂР° РѕСЂРіР°РЅРёР·Р°С†РёРё
-- РќР°РїРѕР»РЅРµРЅРёРµ РґР°РЅРЅС‹РјРё
-- =============================================

INSERT INTO Departments (DepartmentID, DepartmentName) VALUES
                                                           (1, 'РћС‚РґРµР» РїСЂРѕРґР°Р¶'),
                                                           (2, 'РћС‚РґРµР» РјР°СЂРєРµС‚РёРЅРіР°'),
                                                           (3, 'IT-РѕС‚РґРµР»'),
                                                           (4, 'РћС‚РґРµР» СЂР°Р·СЂР°Р±РѕС‚РєРё'),
                                                           (5, 'РћС‚РґРµР» РїРѕРґРґРµСЂР¶РєРё');

INSERT INTO Roles (RoleID, RoleName) VALUES
                                         (1, 'РњРµРЅРµРґР¶РµСЂ'),
                                         (2, 'Р”РёСЂРµРєС‚РѕСЂ'),
                                         (3, 'Р“РµРЅРµСЂР°Р»СЊРЅС‹Р№ РґРёСЂРµРєС‚РѕСЂ'),
                                         (4, 'Р Р°Р·СЂР°Р±РѕС‚С‡РёРє'),
                                         (5, 'РЎРїРµС†РёР°Р»РёСЃС‚ РїРѕ РїРѕРґРґРµСЂР¶РєРµ'),
                                         (6, 'РњР°СЂРєРµС‚РѕР»РѕРі');

INSERT INTO Employees (EmployeeID, Name, Position, ManagerID, DepartmentID, RoleID) VALUES
                                                                                        (1, 'РРІР°РЅ РРІР°РЅРѕРІ', 'Р“РµРЅРµСЂР°Р»СЊРЅС‹Р№ РґРёСЂРµРєС‚РѕСЂ', NULL, 1, 3),
                                                                                        (2, 'РџРµС‚СЂ РџРµС‚СЂРѕРІ', 'Р”РёСЂРµРєС‚РѕСЂ РїРѕ РїСЂРѕРґР°Р¶Р°Рј', 1, 1, 2),
                                                                                        (3, 'РЎРІРµС‚Р»Р°РЅР° РЎРІРµС‚Р»РѕРІР°', 'Р”РёСЂРµРєС‚РѕСЂ РїРѕ РјР°СЂРєРµС‚РёРЅРіСѓ', 1, 2, 2),
                                                                                        (4, 'РђР»РµРєСЃРµР№ РђР»РµРєСЃРµРµРІ', 'РњРµРЅРµРґР¶РµСЂ РїРѕ РїСЂРѕРґР°Р¶Р°Рј', 2, 1, 1),
                                                                                        (5, 'РњР°СЂРёСЏ РњР°СЂРёРµРІР°', 'РњРµРЅРµРґР¶РµСЂ РїРѕ РјР°СЂРєРµС‚РёРЅРіСѓ', 3, 2, 1),
                                                                                        (6, 'РђРЅРґСЂРµР№ РђРЅРґСЂРµРµРІ', 'Р Р°Р·СЂР°Р±РѕС‚С‡РёРє', 1, 4, 4),
                                                                                        (7, 'Р•Р»РµРЅР° Р•Р»РµРЅРѕРІР°', 'РЎРїРµС†РёР°Р»РёСЃС‚ РїРѕ РїРѕРґРґРµСЂР¶РєРµ', 1, 5, 5),
                                                                                        (8, 'РћР»РµРі РћР»РµРіРѕРІ', 'РњРµРЅРµРґР¶РµСЂ РїРѕ РїСЂРѕРґСѓРєС‚Сѓ', 2, 1, 1),
                                                                                        (9, 'РўР°С‚СЊСЏРЅР° РўР°С‚РµРµРІР°', 'РњР°СЂРєРµС‚РѕР»РѕРі', 3, 2, 6),
                                                                                        (10, 'РќРёРєРѕР»Р°Р№ РќРёРєРѕР»Р°РµРІ', 'Р Р°Р·СЂР°Р±РѕС‚С‡РёРє', 6, 4, 4),
                                                                                        (11, 'РСЂРёРЅР° РСЂРёРЅРёРЅР°', 'Р Р°Р·СЂР°Р±РѕС‚С‡РёРє', 6, 4, 4),
                                                                                        (12, 'РЎРµСЂРіРµР№ РЎРµСЂРіРµРµРІ', 'РЎРїРµС†РёР°Р»РёСЃС‚ РїРѕ РїРѕРґРґРµСЂР¶РєРµ', 7, 5, 5),
                                                                                        (13, 'РљСЂРёСЃС‚РёРЅР° РљСЂРёСЃС‚РёРЅРёРЅР°', 'РњРµРЅРµРґР¶РµСЂ РїРѕ РїСЂРѕРґР°Р¶Р°Рј', 4, 1, 1),
                                                                                        (14, 'Р”РјРёС‚СЂРёР№ Р”РјРёС‚СЂРёРµРІ', 'РњР°СЂРєРµС‚РѕР»РѕРі', 3, 2, 6),
                                                                                        (15, 'Р’РёРєС‚РѕСЂ Р’РёРєС‚РѕСЂРѕРІ', 'РњРµРЅРµРґР¶РµСЂ РїРѕ РїСЂРѕРґР°Р¶Р°Рј', 4, 1, 1),
                                                                                        (16, 'РђРЅР°СЃС‚Р°СЃРёСЏ РђРЅР°СЃС‚Р°СЃРёРµРІР°', 'РЎРїРµС†РёР°Р»РёСЃС‚ РїРѕ РїРѕРґРґРµСЂР¶РєРµ', 7, 5, 5),
                                                                                        (17, 'РњР°РєСЃРёРј РњР°РєСЃРёРјРѕРІ', 'Р Р°Р·СЂР°Р±РѕС‚С‡РёРє', 6, 4, 4),
                                                                                        (18, 'Р›СЋРґРјРёР»Р° Р›СЋРґРјРёР»РѕРІР°', 'РЎРїРµС†РёР°Р»РёСЃС‚ РїРѕ РјР°СЂРєРµС‚РёРЅРіСѓ', 3, 2, 6),
                                                                                        (19, 'РќР°С‚Р°Р»СЊСЏ РќР°С‚Р°Р»СЊРµРІР°', 'РњРµРЅРµРґР¶РµСЂ РїРѕ РїСЂРѕРґР°Р¶Р°Рј', 4, 1, 1),
                                                                                        (20, 'РђР»РµРєСЃР°РЅРґСЂ РђР»РµРєСЃР°РЅРґСЂРѕРІ', 'РњРµРЅРµРґР¶РµСЂ РїРѕ РјР°СЂРєРµС‚РёРЅРіСѓ', 3, 2, 1),
                                                                                        (21, 'Р“Р°Р»РёРЅР° Р“Р°Р»РёРЅР°', 'РЎРїРµС†РёР°Р»РёСЃС‚ РїРѕ РїРѕРґРґРµСЂР¶РєРµ', 7, 5, 5),
                                                                                        (22, 'РџР°РІРµР» РџР°РІР»РѕРІ', 'Р Р°Р·СЂР°Р±РѕС‚С‡РёРє', 6, 4, 4),
                                                                                        (23, 'РњР°СЂРёРЅР° РњР°СЂРёРЅРёРЅР°', 'РЎРїРµС†РёР°Р»РёСЃС‚ РїРѕ РјР°СЂРєРµС‚РёРЅРіСѓ', 3, 2, 6),
                                                                                        (24, 'РЎС‚Р°РЅРёСЃР»Р°РІ РЎС‚Р°РЅРёСЃР»Р°РІРѕРІ', 'РњРµРЅРµРґР¶РµСЂ РїРѕ РїСЂРѕРґР°Р¶Р°Рј', 4, 1, 1),
                                                                                        (25, 'Р•РєР°С‚РµСЂРёРЅР° Р•РєР°С‚РµСЂРёРЅРёРЅР°', 'РЎРїРµС†РёР°Р»РёСЃС‚ РїРѕ РїРѕРґРґРµСЂР¶РєРµ', 7, 5, 5),
                                                                                        (26, 'Р”РµРЅРёСЃ Р”РµРЅРёСЃРѕРІ', 'Р Р°Р·СЂР°Р±РѕС‚С‡РёРє', 6, 4, 4),
                                                                                        (27, 'РћР»СЊРіР° РћР»СЊРіРёРЅР°', 'РњР°СЂРєРµС‚РѕР»РѕРі', 3, 2, 6),
                                                                                        (28, 'РРіРѕСЂСЊ РРіРѕСЂРµРІ', 'РњРµРЅРµРґР¶РµСЂ РїРѕ РїСЂРѕРґСѓРєС‚Сѓ', 2, 1, 1),
                                                                                        (29, 'РђРЅР°СЃС‚Р°СЃРёСЏ РђРЅР°СЃС‚Р°СЃРёРµРІРЅР°', 'РЎРїРµС†РёР°Р»РёСЃС‚ РїРѕ РїРѕРґРґРµСЂР¶РєРµ', 7, 5, 5),
                                                                                        (30, 'Р’Р°Р»РµРЅС‚РёРЅ Р’Р°Р»РµРЅС‚РёРЅРѕРІ', 'Р Р°Р·СЂР°Р±РѕС‚С‡РёРє', 6, 4, 4);

INSERT INTO Projects (ProjectID, ProjectName, StartDate, EndDate, DepartmentID) VALUES
                                                                                    (1, 'РџСЂРѕРµРєС‚ A', '2025-01-01', '2025-12-31', 1),
                                                                                    (2, 'РџСЂРѕРµРєС‚ B', '2025-02-01', '2025-11-30', 2),
                                                                                    (3, 'РџСЂРѕРµРєС‚ C', '2025-03-01', '2025-10-31', 4),
                                                                                    (4, 'РџСЂРѕРµРєС‚ D', '2025-04-01', '2025-09-30', 5),
                                                                                    (5, 'РџСЂРѕРµРєС‚ E', '2025-05-01', '2025-08-31', 3);

INSERT INTO Tasks (TaskID, TaskName, AssignedTo, ProjectID) VALUES
                                                                (1, 'Р—Р°РґР°С‡Р° 1: РџРѕРґРіРѕС‚РѕРІРєР° РѕС‚С‡РµС‚Р° РїРѕ РїСЂРѕРґР°Р¶Р°Рј', 4, 1),
                                                                (2, 'Р—Р°РґР°С‡Р° 2: РђРЅР°Р»РёР· СЂС‹РЅРєР°', 9, 2),
                                                                (3, 'Р—Р°РґР°С‡Р° 3: Р Р°Р·СЂР°Р±РѕС‚РєР° РЅРѕРІРѕРіРѕ С„СѓРЅРєС†РёРѕРЅР°Р»Р°', 10, 3),
                                                                (4, 'Р—Р°РґР°С‡Р° 4: РџРѕРґРґРµСЂР¶РєР° РєР»РёРµРЅС‚РѕРІ', 12, 4),
                                                                (5, 'Р—Р°РґР°С‡Р° 5: РЎРѕР·РґР°РЅРёРµ СЂРµРєР»Р°РјРЅРѕР№ РєР°РјРїР°РЅРёРё', 5, 2),
                                                                (6, 'Р—Р°РґР°С‡Р° 6: РћР±РЅРѕРІР»РµРЅРёРµ РґРѕРєСѓРјРµРЅС‚Р°С†РёРё', 6, 3),
                                                                (7, 'Р—Р°РґР°С‡Р° 7: РџСЂРѕРІРµРґРµРЅРёРµ С‚СЂРµРЅРёРЅРіР° РґР»СЏ СЃРѕС‚СЂСѓРґРЅРёРєРѕРІ', 8, 1),
                                                                (8, 'Р—Р°РґР°С‡Р° 8: РўРµСЃС‚РёСЂРѕРІР°РЅРёРµ РЅРѕРІРѕРіРѕ РїСЂРѕРґСѓРєС‚Р°', 11, 3),
                                                                (9, 'Р—Р°РґР°С‡Р° 9: РћС‚РІРµС‚С‹ РЅР° Р·Р°РїСЂРѕСЃС‹ РєР»РёРµРЅС‚РѕРІ', 12, 4),
                                                                (10, 'Р—Р°РґР°С‡Р° 10: РџРѕРґРіРѕС‚РѕРІРєР° РјР°СЂРєРµС‚РёРЅРіРѕРІС‹С… РјР°С‚РµСЂРёР°Р»РѕРІ', 9, 2),
                                                                (11, 'Р—Р°РґР°С‡Р° 11: РРЅС‚РµРіСЂР°С†РёСЏ СЃ РЅРѕРІС‹Рј API', 10, 3),
                                                                (12, 'Р—Р°РґР°С‡Р° 12: РќР°СЃС‚СЂРѕР№РєР° СЃРёСЃС‚РµРјС‹ РїРѕРґРґРµСЂР¶РєРё', 7, 5),
                                                                (13, 'Р—Р°РґР°С‡Р° 13: РџСЂРѕРІРµРґРµРЅРёРµ Р°РЅР°Р»РёР·Р° РєРѕРЅРєСѓСЂРµРЅС‚РѕРІ', 9, 2),
                                                                (14, 'Р—Р°РґР°С‡Р° 14: РЎРѕР·РґР°РЅРёРµ РїСЂРµР·РµРЅС‚Р°С†РёРё РґР»СЏ РєР»РёРµРЅС‚РѕРІ', 4, 1),
                                                                (15, 'Р—Р°РґР°С‡Р° 15: РћР±РЅРѕРІР»РµРЅРёРµ СЃР°Р№С‚Р°', 6, 3);